{"bayes":{"frontdoor":0.0700249218602487,"rampbottom":1.4370157578555494,"ramptop":-0.20617240039153423,"stairbase":-0.9167344659833252,"window":-0.38413381334093755},"location":"rampbottom","message":"Current location: rampbottom","rf":null,"success":true,"svm":{}}
