{"bayes":{"door112":-0.20172349671112386,"door118":-0.5498140333461035,"door128":-0.6154189412054556,"door132":2.00442881441571,"door141":-0.6609039987292751,"door146":-0.7356367781810887,"door151":-0.3817563569415118,"elevator":1.7132146572826752,"frontdoor":-0.00012796162852335424,"junction140":-0.4723828025560661,"mailboxes":-0.5491052399716272,"rampbottom":-0.2770541281484768,"ramptop":-0.06719928169743994,"stairbase":0.11561862159400946,"stairtop":0.49455695363945684,"window":0.18330397218484318},"location":"door132","message":"Current location: door132","rf":null,"success":true,"svm":{}}
