{"bayes":{"frontdoor":-0.9511316596410211,"rampbottom":-0.3205170591758376,"ramptop":-0.16274500147481857,"stairbase":-0.008550506658721369,"window":1.4429442269503996},"location":"window","message":"Current location: window","rf":null,"success":true,"svm":{}}
