{"bayes":{"door112":0.8822824035897635,"door118":0.6964944681043967,"door128":-0.04452555692313409,"door132":-0.18097923787942485,"door141":-2.388790665821587,"door146":0.5929866178092604,"door151":-0.07245277986763704,"elevator":0.46871143064728454,"frontdoor":-1.3352846002055403,"junction140":-0.13117602580876842,"mailboxes":0.4778676565521608,"rampbottom":0.4687114742014786,"ramptop":0.01938207097143911,"stairbase":-0.09299755011133826,"stairtop":0.25413010875552183,"window":0.38564018598612326},"location":"door112","message":"Current location: door112","rf":null,"success":true,"svm":{}}
